"id(STRING_ID)","latitude(DOUBLE)","longitude(DOUBLE)","category(STRING(null))","metadata(STRING(null))"
"02A6F141-5941-1399-FF54-CDD7B3D7BF00",48.50881,7.26814,"geoservice_sample","city=WISCHES"
"058CFD14-424D-D602-FF2A-1971ED5F0F00",43.60426,1.44367,"geoservice_sample","city=TOULOUSE"
"07044FC7-AE7F-B117-FF4E-4E85F1E1C600",33.34058,44.40088,"geoservice_sample","city=BAGHDAD"
"074993EC-B45A-5B14-FF61-94DF51368F00",22.56972,88.36972,"geoservice_sample","city=KOLKATA"
"07698516-E575-7931-FF41-D7EAAA84DA00",42.24583,-71.90917,"geoservice_sample","city=ROCHDALE"
"0A351772-0C5C-E7D2-FFE3-6DCE82D88700",48.31667,7.9,"geoservice_sample","city=HOHBERG"
"0B885BC3-122B-6336-FF70-FC7C7D5E5100",43.0389,-87.90647,"geoservice_sample","city=MILWAUKEE"
"0B892263-163A-DF7C-FFD8-736CADA03F00",59.43696,24.75353,"geoservice_sample","city=TALLINN"
"0C62F1B8-8CDA-54E1-FF64-349D28F92200",34.05223,-118.24368,"geoservice_sample","city=LOS ANGELES"
"0CFA670D-52D4-C53A-FFB0-E5114191A000",31.57851,-84.15574,"geoservice_sample","city=ALBANY"
"0E100423-9EC6-48B0-FFD6-DAC8E86B0400",12.97139,80.24722,"geoservice_sample","city=PERUNGUDI"
"0F6DB3C2-0693-C844-FF83-882006584100",44.51813,7.47433,"geoservice_sample","city=BUSCA"
"10FA1FE5-78A2-5C05-FF3C-B3C442ACE200",47.98438,7.28857,"geoservice_sample","city=PFAFFENHEIM"
"1312CF58-9B4D-DF9A-FF4B-73302FD83D00",55.42111,55.54278,"geoservice_sample","city=BIRSK"
"13663F4E-0779-D328-FF3D-CCEEBCC6CB00",13.53605,144.88855,"geoservice_sample","city=YIGO VILLAGE"
"1474F48E-3D2A-5401-FF5A-AF91049E5300",45.81444,15.97798,"geoservice_sample","city=ZAGREB"
"15C4C932-0410-FD5C-FFD4-613BB21AC200",28.63576,77.22445,"geoservice_sample","city=NEW DELHI"
"16E3369E-805E-75CF-FF3D-F9378B75A200",31.14607,118.57069,"geoservice_sample","city=WANZHI"
"176B0BC6-EF90-0AE7-FFE6-409242F88000",45.75,126.65,"geoservice_sample","city=HARBIN"
"18AEAD57-8063-0CC4-FFF4-7D2577C3ED00",3.1412,101.68653,"geoservice_sample","city=KUALA LUMPUR"
"18B4FCE0-8923-A2C9-FF32-DFE8A026FE00",14.6937,-17.44406,"geoservice_sample","city=DAKAR"
"194B1034-098B-1CF9-FF99-FF7D69BCD000",56.8575,60.6125,"geoservice_sample","city=YEKATERINBURG"
"19E1EEF7-72FE-899A-FF63-BFC27E688A00",12.97623,77.60329,"geoservice_sample","city=BENGALORE"
"1B8CBD39-C750-D4D6-FFC6-B851EDC96C00",53.51667,-8.85,"geoservice_sample","city=TUAM"
"1B9284E7-20A2-9896-FF44-D534A5568C00",62.13246,9.9968,"geoservice_sample","city=FOLLDAL"
"1BECE72F-2F44-98BC-FFE8-5A5FA4709F00",24.46667,54.36667,"geoservice_sample","city=ABU DHABI"
"1DB1F92A-88DC-3180-FFEC-BD5A8393A100",1.28967,103.85007,"geoservice_sample","city=SINGAPORE"
"1E10C7BE-5EB7-2DB0-FF14-8BF365A03A00",53.55,10,"geoservice_sample","city=HAMBURG"
"1FD43617-75B5-461F-FF45-4D419ADD8600",33.01984,-96.69889,"geoservice_sample","city=PLANO"
"201EDA30-C476-DF14-FF9B-2EC514E1EE00",61.7712,9.53529,"geoservice_sample","city=OTTA"
"20E77C1D-3F5C-7498-FFD6-F78C1DF6DE00",40.83333,14.25,"geoservice_sample","city=NAPOLI"
"25229298-F085-3116-FF77-06067E391300",52.2,0.11667,"geoservice_sample","city=CAMBRIDGE"
"26D65CFA-9CE5-11CE-FF5E-16AAFE283800",41.92112,-91.38545,"geoservice_sample","city=LISBON"
"2818DBD1-E324-9F85-FFC2-07F8F48E2500",43.66663,-92.97464,"geoservice_sample","city=AUSTIN"
"28639F26-7FEE-2AD5-FF1D-D9E1179AE500",-18.65,146.16667,"geoservice_sample","city=INGHAM"
"2872A1FE-39F1-321D-FFF1-BBEB85B6A500",38.26218,-0.70107,"geoservice_sample","city=ELCHE"
"2935B3F6-0257-5052-FF0C-B45284A5B800",39.162,-84.45689,"geoservice_sample","city=CINCINNATI"
"296B0976-0DF3-68F0-FF77-A58072C3EF00",43.97116,3.60097,"geoservice_sample","city=AVEZE"
"299EDF92-EC71-086F-FFD9-C7106D3EC100",52.97633,-0.02664,"geoservice_sample","city=BOSTON"
"29BAF947-3C61-1D46-FFC9-8C77D4A1DE00",52.52437,13.41053,"geoservice_sample","city=BERLIN"
"29BDE5F3-9315-9A83-FFC6-0832BAE86400",42.33143,-83.04575,"geoservice_sample","city=DETROIT"
"2ABA703A-C540-3BAC-FFCA-8AB425C98300",41.4995,-81.69541,"geoservice_sample","city=CLEVELAND"
"2AE5229C-97A5-319D-FFCB-E665E0D98A00",7.24241,-70.73236,"geoservice_sample","city=GUASDALITO"
"2D04E33D-7FDE-71E8-FFE4-0BB8767F7D00",49.53455,5.80203,"geoservice_sample","city=LONGLAVILLE"
"2D3D6658-0E85-5745-FFDC-83CD4445C300",49.97694,9.06417,"geoservice_sample","city=STOCKSTADT AM MAIN"
"2DE74ED8-A302-95E2-FFA6-278B9AD55A00",50.85045,4.34878,"geoservice_sample","city=BRUSSELS"
"2E0E44B8-7FB8-D62E-FF59-578313E43200",32.22174,-110.92648,"geoservice_sample","city=TUCSON"
"30238ED6-EE43-DFC9-FFD7-8D0E7ADB4B00",39.09973,-94.57857,"geoservice_sample","city=KANSAS CITY"
"3289BC75-F475-4BDF-FF8B-EF7E1E0EF200",52.25,-0.88333,"geoservice_sample","city=NORTHAMPTON"
"32C4B1CA-C2CB-748C-FF5E-C229B7245400",50.69365,2.51787,"geoservice_sample","city=MORBECQUE"
"3386D1F4-54AD-7BE4-FFDF-4BB4E5345F00",48.85341,2.3488,"geoservice_sample","city=PARIS"
"33AC5236-91A5-B9E2-FF86-300401FF1F00",55.78874,49.12214,"geoservice_sample","city=KAZAN"
"34403753-6888-2023-FF51-A4EC478A0B00",59.33258,18.0649,"geoservice_sample","city=STOCKHOLM"
"34FB53BB-91DC-D502-FFA3-C73297A6A100",51.22172,6.77616,"geoservice_sample","city=DUSSELDORF"
"377D8603-FF8D-453F-FFD3-3FA3EA8E6000",41.85003,-87.65005,"geoservice_sample","city=CHICAGO"
"39166990-7341-3174-FFB8-79DC97DFBF00",37.12898,-84.08326,"geoservice_sample","city=LONDON"
"39967F02-1891-B60A-FF7D-E7D23AA3C200",42.75433,2.99292,"geoservice_sample","city=TORREILLES"
"3A7E23BC-9D9C-D47F-FF90-FE54C77F6A00",40.26813,18.18422,"geoservice_sample","city=SAN DONATO DI LECCE"
"3B7735AE-5368-B5F4-FF05-EA4171446500",38.61557,-95.26775,"geoservice_sample","city=OTTAWA"
"3C6E9ED8-333B-B2F8-FFDD-F11AAB5DF500",8.61366,-71.65284,"geoservice_sample","city=EL VIGIA"
"3CAD089D-65E5-701A-FFA3-C99D43F87700",33.749,-84.38798,"geoservice_sample","city=ATLANTA"
"3D4686ED-8EB0-1A32-FF3D-C60B83F8C300",43.76167,-91.56861,"geoservice_sample","city=HOUSTON"
"3F454C93-DAD7-CB7C-FFF4-05E72A902D00",39.52963,-119.8138,"geoservice_sample","city=RENO"
"3FDA2223-1251-7B99-FF5F-DF5CAEE38B00",54.35205,18.64637,"geoservice_sample","city=GDANSK"
"419B7EAA-EE29-3688-FFFE-69AA86036300",50.93333,6.95,"geoservice_sample","city=KOELN"
"423D23B7-35DE-0600-FFAE-A01EF1B8CE00",45.43861,12.32667,"geoservice_sample","city=VENICE"
"425919E6-0DEC-9196-FF45-EA5E4C8C6200",30.84283,120.15288,"geoservice_sample","city=BALIDIAN"
"42670A6E-2253-0F65-FFA5-D26957DA5500",50.67276,14.16033,"geoservice_sample","city=POVRLY"
"45442574-9A97-F469-FF35-974C987AB600",39.95234,-75.16379,"geoservice_sample","city=PHILADELPHIA"
"467B4BEB-EB97-8F7C-FF06-1CE0E4359800",37.33939,-121.89496,"geoservice_sample","city=SAN JOSE"
"46DDF33D-CC01-C31B-FFEE-09E1F1E4C400",37.35411,-121.95524,"geoservice_sample","city=SANTA CLARA"
"4720325B-0BF9-A177-FFC1-85EF8F1A0D00",31.96417,34.80444,"geoservice_sample","city=RISHON LEZIYYON"
"47DDE7DB-3C7D-2738-FF18-FBED76B09A00",45.74846,4.84671,"geoservice_sample","city=LYON"
"4AD42894-A37A-C35D-FFE3-57FD70F40700",13.75,100.51667,"geoservice_sample","city=BANGKOK"
"4B9CD8C9-D10C-7611-FFCB-74ECADD55100",32.78306,-96.80667,"geoservice_sample","city=DALLAS"
"4E0C05D1-CBE7-0AFE-FFAA-82873A997600",23.83333,72.11667,"geoservice_sample","city=PATAN"
"4FFD22F3-810D-4556-FF0A-B1636BE7F100",-31.93333,115.83333,"geoservice_sample","city=PERTH"
"505702A0-38A7-CABC-FF18-4ED1A22F5F00",47.63887,-3.4543,"geoservice_sample","city=GROIX"
"50B0285D-8283-C232-FF4F-D4886A56D800",35.69439,51.42151,"geoservice_sample","city=TEHRAN"
"50ED5CD9-12A1-BE91-FF2C-32EF45337D00",38.71667,-9.13333,"geoservice_sample","city=LISBON"
"51730DC9-8A05-A53D-FF1C-537250D28E00",30.26715,-97.74306,"geoservice_sample","city=AUSTIN"
"517B797D-42EF-6F53-FFAE-A2D9F8682800",31.897964,34.808122,"geoservice_sample","city=REHOVOT"
"51EE0ACE-792F-88A1-FF8B-CC2E77F5CE00",40.6501,-73.94958,"geoservice_sample","city=BROOKLYN"
"52141005-9561-E290-FFB3-3BE40C087100",33.41477,-111.90931,"geoservice_sample","city=TEMPE"
"52332EB1-BA4F-6078-FFDD-1FADAA981800",42.10148,-72.58981,"geoservice_sample","city=SPRINGFIELD"
"52A1E2CA-4FE1-A3F1-FF93-CE0F70FE1C00",43.25,-0.05,"geoservice_sample","city=GER"
"53EBCDBF-F31B-2808-FFC4-87573F4D9900",45.46427,9.18951,"geoservice_sample","city=MILANO"
"5467B055-55A6-DEAE-FF15-6BF08B305D00",48.78232,9.17702,"geoservice_sample","city=STUTTGART"
"54926FE6-F74B-8D3F-FFFC-B2BEBDB23C00",42.22926,-72.73009,"geoservice_sample","city=SOUTHAMPTON"
"550401D0-478F-8ED9-FF94-982FD2A08900",-42.9,147.43333,"geoservice_sample","city=ROKEBY"
"55B42DE9-D770-95D0-FF6C-0DD02ED07C00",42.8692,-84.90305,"geoservice_sample","city=PORTLAND"
"5680A95B-3543-7E00-FFE0-1ADC76170700",-34.93333,138.6,"geoservice_sample","city=ADELAIDE"
"5798CD0F-AF9C-8F44-FFF7-D7430691D100",48.67738,19.94364,"geoservice_sample","city=TISOVEC"
"57A25694-D35E-4C5A-FFAC-24EA6117B400",50.52287,2.06792,"geoservice_sample","city=WAILLY"
"5961CB0F-102A-CEA3-FFA7-16740E052300",19.1,78.35,"geoservice_sample","city=NIRMAL"
"59D13487-6BFC-BCE8-FFC3-C4F73B825900",41.82399,-71.41283,"geoservice_sample","city=PROVIDENCE"
"5AC596AC-D87A-62EF-FF85-C6CC478DA400",54.11667,54.11667,"geoservice_sample","city=BELEBEY"
"5BFE2B93-1232-214B-FF6E-AD0A2CEBED00",35.46756,-97.51643,"geoservice_sample","city=OKLAHOMA CITY"
"5C307D02-332D-FE96-FF1C-9BD1ECD86900",42.35843,-71.05977,"geoservice_sample","city=BOSTON"
"5C8D0BEC-116F-53A2-FFA4-B9AB518A1500",35.69143,-100.63819,"geoservice_sample","city=MIAMI"
"5CBB5979-030A-C1E5-FF01-8ABB9EAD1E00",46.20222,6.14569,"geoservice_sample","city=GENEVE"
"5CF60130-F456-23A6-FFF9-7EF241158B00",38.41667,141.3,"geoservice_sample","city=ISHINOMAKI"
"5D10B19B-F017-9ADE-FFB2-352948BFF000",46.34968,48.04076,"geoservice_sample","city=ASTRAKHAN'"
"5D19A51B-7246-42DC-FFF7-C1D6B8D4C500",11.4045,-69.67344,"geoservice_sample","city=CORO"
"5DEBB242-D48A-6411-FFD6-9954BEF5C200",48.65,6.18333,"geoservice_sample","city=HOUDEMONT"
"5E9B43C5-EAA5-1331-FF0B-51DF34391D00",37.36883,-122.03635,"geoservice_sample","city=SUNNYVALE"
"5EB1000E-CFEF-89B6-FF64-F66572C06500",23.5,73.5,"geoservice_sample","city=MEGHRAJ"
"5F32E2C6-8CB2-3EF7-FF52-AC59F1A7C700",44.40632,8.93386,"geoservice_sample","city=GENOVA"
"5FDC7642-136D-CB1A-FF7E-B9FFA1694200",37.97945,23.71622,"geoservice_sample","city=ATHENS"
"61C570E4-1616-36B9-FF33-63032B268C00",20.02883,99.29833,"geoservice_sample","city=MAE AI"
"62A994A2-7CA8-D1D7-FF31-B07AB7882B00",48.8,2.13333,"geoservice_sample","city=VERSAILLES"
"62AE093A-6F4C-D9B5-FF98-C94B5C00B300",32.71533,-117.15726,"geoservice_sample","city=SAN DIEGO"
"62C5C4E8-8854-EB00-FFFB-E3A3735D9A00",-37.814,144.96332,"geoservice_sample","city=MELBOURNE"
"63837EAD-A7DB-10A1-FF6B-7B98F6B43B00",39.61115,-87.69614,"geoservice_sample","city=PARIS"
"6401A770-628D-3262-FFE6-286E75EE4400",33.54225,-117.78311,"geoservice_sample","city=LAGUNA BEACH"
"6498A5F2-6153-B2ED-FF60-ADB9E03C9000",53.36056,83.76361,"geoservice_sample","city=BARNAUL"
"653727B4-8B0C-9C4F-FF45-C9D066623200",49.6672,0.89594,"geoservice_sample","city=YERVILLE"
"6681489C-CB12-60CC-FF70-D2F2A2346F00",50.5,7.76667,"geoservice_sample","city=MOGENDORF"
"68C92E0E-C99B-F11B-FF5E-8135FCE6E400",44.36393,7.86264,"geoservice_sample","city=VICOFORTE"
"68D7B0A3-A3C4-9ADD-FF18-251272096C00",53.22846,-1.29204,"geoservice_sample","city=BOLSOVER"
"68FB0BAD-25C1-C5DE-FFBF-D2D3C3103100",52.96667,55.91667,"geoservice_sample","city=MELEUZ"
"69213171-9E54-68AC-FFED-3F6684503000",42.82475,-83.26466,"geoservice_sample","city=OXFORD"
"69F1B0B9-CBF6-7BD9-FF18-6C5198B87200",48.48083,135.09278,"geoservice_sample","city=KHABAROVSK"
"6A5AF986-44F6-B81C-FFAE-EBA07F8AB200",29.76328,-95.36327,"geoservice_sample","city=HOUSTON"
"6A5D6ABB-7E2F-E622-FF33-0E8E6B970500",48.28639,8.72357,"geoservice_sample","city=ROSENFELD"
"6AE08CF7-3BE0-05D8-FF6C-ABFF8792FA00",34.08268,109.09766,"geoservice_sample","city=YINZHEN"
"6AFC0A63-8D3A-53AF-FFCC-B8442DAF2000",45.03333,-0.18333,"geoservice_sample","city=GUITRES"
"6DA33F46-FD42-46BC-FF22-C52A7B419100",40.71427,-74.00597,"geoservice_sample","city=NEW YORK CITY"
"6E700528-7F67-C1FB-FF4B-1A374AC28A00",47.9578,7.77652,"geoservice_sample","city=EBRINGEN"
"6F24B81F-33BD-73AD-FFEC-9D69D1024400",49.27389,8.47167,"geoservice_sample","city=OBERHAUSEN-RHEINHAUSEN"
"6F4FB18A-07D7-70EE-FFFA-8A3A1E10DB00",34.86667,137.05,"geoservice_sample","city=NISHIO"
"6FDC4CB4-5A66-9394-FF2D-6E7A1E6AF400",32.81556,34.98917,"geoservice_sample","city=HAIFA"
"6FDD4FC2-E257-AB51-FF9F-98F610889000",47.36667,8.55,"geoservice_sample","city=ZURICH"
"70F8A3F6-333C-BE2A-FFB8-3F7A13189A00",22.7984,114.46716,"geoservice_sample","city=DANSHUI"
"71ECDA90-5F05-A54B-FFDA-ABD30778A300",33.88474,-118.41091,"geoservice_sample","city=MANHATTAN BEACH"
"7308EBC9-0DD0-C79D-FF7F-A334DA198800",41.76371,-72.68509,"geoservice_sample","city=HARTFORD"
"7368B866-96D5-3ECD-FF7D-CDF6C1B53D00",27.94752,-82.45843,"geoservice_sample","city=TAMPA"
"73DAB718-F4E3-5BED-FF5A-45293FA7EB00",38.79269,-9.1838,"geoservice_sample","city=ODIVELAS"
"749E754C-D628-335D-FF45-E3D43A168B00",33.99934,105.19994,"geoservice_sample","city=JIANGXI"
"74AB54D2-32F0-8DB4-FFE6-6B54C7721400",10.60383,-67.03034,"geoservice_sample","city=CATIA LA MAR"
"74D8E574-2D7E-9BDD-FFF6-C371D5D99B00",45.0488,38.9725,"geoservice_sample","city=KRASNODAR"
"76559FE7-C37D-446E-FFE9-BF9686F22600",45.88333,2.17431,"geoservice_sample","city=FELLETIN"
"7688CBF1-53AE-7E5B-FFE5-A2CCADD2EB00",32.73569,-97.10807,"geoservice_sample","city=ARLINGTON"
"76EED9D8-733F-0AFE-FFBE-9AB28FC9CC00",54.58333,-5.93333,"geoservice_sample","city=BELFAST"
"7A7507AE-9B4B-6613-FF47-126852C3DB00",48.71939,44.50184,"geoservice_sample","city=VOLGOGRAD"
"7ACAB24B-BC3A-0C7A-FFD2-9A0FBCCDDC00",55.86515,-4.25763,"geoservice_sample","city=GLASGOW"
"7AF13F77-267B-80CE-FFE8-A44F6622C300",35.61488,139.5813,"geoservice_sample","city=TOKYO"
"7CDE9084-40F2-09E3-FF1F-3F43B4A29900",48.70519,18.91834,"geoservice_sample","city=KREMNICA"
"7D377CE5-AEDC-914F-FFBE-D1E8FFCFB100",34.16324,108.65444,"geoservice_sample","city=CANGYOU"
"7E0CADA7-997D-F7CB-FFFF-56B00BD13100",20.43353,99.87617,"geoservice_sample","city=MAE SAI"
"7E1CA1D8-ABA9-9783-FF4F-E0793FA58A00",22.43333,114.26667,"geoservice_sample","city=CHE HA"
"7E8112D8-A842-CE67-FFE4-B96E80C91100",53.5303,49.3461,"geoservice_sample","city=TOLYATTI"
"80D76BBC-4298-B186-FF26-579F41B79900",41.25861,-95.93779,"geoservice_sample","city=OMAHA"
"8155FC0A-A854-B91A-FF2F-B13479085300",17.37528,78.47444,"geoservice_sample","city=HYDERABAD"
"81A29D31-E5EA-D7C6-FFCA-016ACB023800",40.17396,-80.24617,"geoservice_sample","city=WASHINGTON"
"82AB695D-26DF-773F-FFF8-65B28FF89800",47.4327,1.03037,"geoservice_sample","city=CHARGE"
"8405721E-95DC-4CBD-FF48-CCA05DC59400",45.92408,6.61237,"geoservice_sample","city=CORDON"
"856C9F57-07DD-F890-FF23-B9807B8ECA00",29.42412,-98.49363,"geoservice_sample","city=SAN ANTONIO"
"858B559D-365E-8F1E-FFF7-664D0C3D6600",48.19871,-122.12514,"geoservice_sample","city=ARLINGTON"
"85F35C88-46E2-5C23-FF3D-A57823BC4B00",28.53834,-81.37924,"geoservice_sample","city=ORLANDO"
"863EE4DC-A7D1-B619-FF0F-077F48E00600",45.93306,4.82394,"geoservice_sample","city=REYRIEUX"
"8666E9C2-5A17-6199-FF7C-E1B9FB4DD900",62.27594,10.78241,"geoservice_sample","city=TYNSET"
"86F6B664-E4E1-B2E1-FF63-34302DEFE700",33.15067,-96.82361,"geoservice_sample","city=FRISCO"
"87821B1C-06A1-F746-FF05-B3546A5B3400",46.62364,4.98777,"geoservice_sample","city=SIMANDRE"
"87849A1A-B4A1-10C6-FFE0-6A8539E4D800",33.88894,35.49442,"geoservice_sample","city=BEIRUT"
"87E31BA8-55C7-26D7-FF92-63DE403A0200",44.63572,-0.33351,"geoservice_sample","city=CERONS"
"88982263-5540-CDEE-FFEE-B7D39526EB00",50.90395,-1.40428,"geoservice_sample","city=SOUTHAMPTON"
"88B842CC-E898-6026-FF55-C4B36FA09E00",-15.93872,-5.71675,"geoservice_sample","city=JAMESTOWN"
"88CE6DA7-31E4-0967-FF26-039B0E7F8200",49.14485,1.98226,"geoservice_sample","city=MARINES"
"8AB98C90-EBA3-1317-FF35-64CAD479AA00",42.96336,-85.66809,"geoservice_sample","city=GRAND RAPIDS"
"8C0E8955-E582-6ED5-FFB9-90B2A0A0A800",64.98333,21.06667,"geoservice_sample","city=BACKA"
"8CF6C645-8BB4-5B1C-FF20-A8F9FA1B8B00",36.17497,-115.13722,"geoservice_sample","city=LAS VEGAS"
"8E1B670C-768C-7E96-FF90-6BC1AB343300",34.42083,-119.69819,"geoservice_sample","city=SANTA BARBARA"
"8EAA85F2-3905-B331-FF9D-4AB41F22A600",13.51777,144.8391,"geoservice_sample","city=DEDEDO VILLAGE"
"8F9C8453-82FA-C1EF-FFC4-C94E0E013500",35.35,136.78333,"geoservice_sample","city=KURODA"
"8FF0EF91-DC95-801D-FFB9-7F8E635D4C00",44.49381,11.33875,"geoservice_sample","city=BOLOGNA"
"90E7FFEA-3FF5-A31C-FFB1-7B574254EE00",37.38605,-122.08385,"geoservice_sample","city=MOUNTAIN VIEW"
"924F415A-16AA-5032-FF3D-D608B155CB00",54.70649,20.51095,"geoservice_sample","city=KALININGRAD"
"92562C87-C001-7A96-FF91-F95FCBAF3400",47.19763,5.90079,"geoservice_sample","city=GRANDFONTAINE"
"9274B6F3-1D1C-EF74-FF62-650C4CB59200",43.73333,7.41667,"geoservice_sample","city=MONACO"
"927C0476-EBE5-CC7C-FFD3-A26DA0843600",41.89474,12.4839,"geoservice_sample","city=ROMA"
"95122BF9-FB12-52B4-FFB4-6C1966D6B800",51.67204,39.1843,"geoservice_sample","city=VORONEZH"
"989F9D83-95E8-AA37-FFAF-1D7694391100",34.59704,-83.76324,"geoservice_sample","city=CLEVELAND"
"98A1F92D-A858-04C8-FF67-F0FC3970AD00",23.13302,-82.38304,"geoservice_sample","city=HAVANA"
"994BBD40-FD90-5219-FFDC-ABF39E37B200",28.66667,77.21667,"geoservice_sample","city=DELHI"
"9B2A2AA1-F305-8C27-FFAA-D6E8BFC50500",40.44062,-79.99589,"geoservice_sample","city=PITTSBURGH"
"9B406BE8-75E2-6C92-FF40-1CEA33C2E500",41.13667,-95.89084,"geoservice_sample","city=BELLEVUE"
"9C056A16-0B70-C344-FFDF-20F6E9985600",43.83242,5.20597,"geoservice_sample","city=MENERBES"
"9CB5D07F-A9AE-48B8-FFF3-E5D2EE9D3600",27.33643,-82.53065,"geoservice_sample","city=SARASOTA"
"9D2E4853-2450-63BA-FFF8-ACB498831C00",28.01228,114.02735,"geoservice_sample","city=CIHUA"
"A04366AD-2FCA-E5AC-FF2A-55C90A008800",49.61167,6.13,"geoservice_sample","city=LUXEMBOURG"
"A22D1502-1AE7-F9D0-FFE1-384A08CFB300",47.80989,-1.117,"geoservice_sample","city=CONGRIER"
"A32B7D31-D804-D6AC-FF1C-E1A45430F000",44.84044,-0.5805,"geoservice_sample","city=BORDEAUX"
"A41A013C-BFED-8D0E-FF74-6B19ABDBAA00",46.97478,0.60484,"geoservice_sample","city=LES ORMES"
"A4256A44-FA20-0D69-FF39-AB77D662CB00",47.23563,39.71219,"geoservice_sample","city=ROSTOV-NA-DONU"
"A451D2EC-2CB7-FD84-FF29-A152A42BD700",45.16944,20.91944,"geoservice_sample","city=ILANDZA"
"A57405E9-E61D-5A4B-FFE7-6B1A9B4D5300",27.77086,-82.67927,"geoservice_sample","city=ST. PETERSBURG"
"A58EA4DD-8A5E-DB8B-FF9C-A884FEC8BB00",44.74004,8.03514,"geoservice_sample","city=GUARENE"
"A6126B52-C307-CE83-FFE0-5E2A64A2A600",55,73.4,"geoservice_sample","city=OMSK"
"A795B254-230D-DFB9-FF76-1D34022DFF00",35.67097,-80.47423,"geoservice_sample","city=SALISBURY"
"A848ECC1-03AB-EECE-FFA9-0ED58EC6B100",10.16028,-68.895,"geoservice_sample","city=CHIVACOA"
"A8FD4062-741C-3E75-FF83-1DD447787900",47.77948,7.28225,"geoservice_sample","city=RICHWILLER"
"A992458B-CD65-0121-FFD2-A5BA6DB27B00",29.75184,118.72378,"geoservice_sample","city=XINMEN"
"A99E4E12-FA69-63E5-FF1D-F0754CD02D00",-27.48333,153.01667,"geoservice_sample","city=SOUTH BRISBANE"
"A9CF145F-D8B1-66D5-FFCD-E6723897CC00",56.60056,84.88639,"geoservice_sample","city=SEVERSK"
"AB0CC3A9-675E-FAA5-FF29-473F0DEF7E00",40.55565,-75.98188,"geoservice_sample","city=HAMBURG"
"AB1BF6D7-92D3-A81A-FFCF-61006CB98700",43.71553,10.39659,"geoservice_sample","city=PISA"
"AB407A04-411C-E717-FF8A-3C5C52D14B00",37.31917,-122.27417,"geoservice_sample","city=LA HONDA"
"AB866FC5-4681-E6D7-FFFF-64563D338700",34.07538,-84.29409,"geoservice_sample","city=ALPHARETTA"
"ABFE7F55-F4B0-3461-FF7A-D4F9FC179D00",41.90236,12.45332,"geoservice_sample","city=VATICAN CITY"
"AC3DA413-AB8D-3E31-FFA8-4FD0BA7A3E00",47.49989,-52.99806,"geoservice_sample","city=CONCEPTION BAY SOUTH"
"AC61D821-8184-CD1E-FF9F-EC8738936400",44.58883,33.5224,"geoservice_sample","city=SEVASTOPOL'"
"AC72493E-C24B-F036-FFAE-ECF0957BAF00",24.68773,46.72185,"geoservice_sample","city=RIYADH"
"AC7ADD69-51D4-428B-FFCD-5307B330F100",45.43419,10.99779,"geoservice_sample","city=VERONA"
"AD805FE4-68D2-817D-FF0A-9E54945CB100",37.77493,-122.41942,"geoservice_sample","city=SAN FRANCISCO"
"B1283A80-F0DE-50A6-FF4C-07631E42E400",33.44838,-112.07404,"geoservice_sample","city=PHOENIX"
"B1A3375E-0E55-5879-FF19-60747F2E7700",53.48095,-2.23743,"geoservice_sample","city=MANCHESTER"
"B212ACD8-0BE4-37F8-FF44-7260BE953400",52.5327,1.48183,"geoservice_sample","city=LODDON"
"B2A0DC8A-2477-692F-FFB0-C2A96EB1F500",49.00305,2.92788,"geoservice_sample","city=VARREDDES"
"B2D7D1E8-6893-0E90-FF6D-0133DA505E00",44.70984,7.68633,"geoservice_sample","city=CAVALLERMAGGIORE"
"B32723FA-B766-05F7-FFA1-D3DE63F5BC00",44.97997,-93.26384,"geoservice_sample","city=MINNEAPOLIS"
"B3B5E759-30F3-9C22-FF26-E9ED45E2B200",47.49801,19.03991,"geoservice_sample","city=BUDAPEST"
"B4CC44CD-FB54-2A9F-FF51-1184BA1A7700",37.70215,-121.93579,"geoservice_sample","city=DUBLIN"
"B63F2C55-9909-8CA4-FF1A-9F4C51152900",-33.86785,151.20732,"geoservice_sample","city=SYDNEY"
"B6A5EA16-4F3F-DE92-FF79-55E9DA8D4400",52.29778,104.29639,"geoservice_sample","city=IRKUTSK"
"B6C070FF-7D79-3520-FFA4-9E3AA7849000",48.20849,16.37208,"geoservice_sample","city=VIENNA"
"B731451B-0624-22FE-FFB9-DAD9E218E000",42.99564,-71.45479,"geoservice_sample","city=MANCHESTER"
"B85DFD52-9508-8957-FF43-CE0BC4762100",48.11278,7.42046,"geoservice_sample","city=HOLTZWIHR"
"BA362FC0-A2EC-0EA9-FFA8-B70B77EF5500",32.08088,34.78057,"geoservice_sample","city=TEL AVIV"
"BB5ADF7E-50BF-B0A5-FF1D-7296B97ACB00",34.56861,105.89333,"geoservice_sample","city=BEIDAO"
"BD69ED9E-C888-32A1-FF8C-ED654B60A700",34.07362,-118.40036,"geoservice_sample","city=BEVERLY HILLS"
"BDCE5C6E-2D9B-28BE-FF45-12FD41444F00",43.29695,5.38107,"geoservice_sample","city=MARSEILLE"
"BF46E54D-DC9D-6000-FF4F-802C94D52800",53.41058,-2.97794,"geoservice_sample","city=LIVERPOOL"
"BFC4C237-5DDD-9349-FF43-F27D2EFE0600",54.85,25.48333,"geoservice_sample","city=NEMENCINE"
"C2D7CA4B-6609-D56E-FF57-19F3BD7F6000",41.58388,-93.51994,"geoservice_sample","city=PLEASANT HILL"
"C382D50C-5FFE-D7A2-FFB6-FF6ABE627B00",56.946,24.10589,"geoservice_sample","city=RIGA"
"C41535FE-B3BA-E7F3-FFB1-84B74D994C00",35.44285,-84.59299,"geoservice_sample","city=ATHENS"
"C440C70D-136E-3624-FF06-D3B6191C3D00",38.88101,-77.10428,"geoservice_sample","city=ARLINGTON"
"C4936175-8B39-9811-FF12-93F735161700",46.94809,7.44744,"geoservice_sample","city=BERN"
"C4D01973-8A28-B760-FF2D-EBEA0C4E6B00",43.25,76.95,"geoservice_sample","city=ALMATY"
"C560C444-1DC1-9A4E-FF38-E8EBC0154F00",48.03015,17.30972,"geoservice_sample","city=SAMORIN"
"C5C5B911-1D15-B36A-FF9A-6C1FA7DFD900",38.58157,-121.4944,"geoservice_sample","city=SACRAMENTO"
"C7198FD8-67DA-136C-FF29-BD2089ACE100",59.91273,10.74609,"geoservice_sample","city=OSLO"
"C84EEF3C-7D51-633D-FF86-95E248070E00",36.50043,-77.64498,"geoservice_sample","city=GASTON"
"C8AB12B4-34E3-35A5-FF7E-6C7CA0937F00",61.59515,9.75232,"geoservice_sample","city=VINSTRA"
"C8B77ACD-D9D8-5C48-FF99-5FF26B3CFD00",41.69411,44.83368,"geoservice_sample","city=TBILISI"
"C8E31E17-1B00-6546-FF04-3F66E7E8C300",34.06334,-117.65089,"geoservice_sample","city=ONTARIO"
"C91B545E-CB42-08B6-FF90-39454117BD00",18.46098,98.77767,"geoservice_sample","city=DOI LO"
"CA2F34FA-29F4-3862-FFBF-B54EC4F13E00",44.34693,7.76634,"geoservice_sample","city=VILLANOVA MONDOVI"
"CA50ED21-D9BB-CF5C-FF63-7E42DD5A0100",41.2381,-85.85305,"geoservice_sample","city=WARSAW"
"CAA7A485-2E99-77A4-FFCB-BEB586C43900",49.05913,20.07975,"geoservice_sample","city=STRBA"
"CADD216E-7EE5-9F6F-FFB4-C7440FB62400",47.34322,-1.16536,"geoservice_sample","city=LIRE"
"CB3BCE5C-95BF-9F4F-FF83-3FE03D877300",19.45,73.33333,"geoservice_sample","city=SHAHAPUR"
"CB837482-AE6C-9854-FF1B-D16448F56B00",-27.46794,153.02809,"geoservice_sample","city=BRISBANE"
"CBE89D8F-F603-D0FF-FF5C-5993449F5900",43.66042,1.48264,"geoservice_sample","city=L'UNION"
"CCB137E8-6078-8137-FF85-B5D9520CBC00",55.67594,12.56553,"geoservice_sample","city=COPENHAGEN"
"CD407816-3E39-BFCD-FF7E-12B78C0EDD00",55.0415,82.9346,"geoservice_sample","city=NOVOSIBIRSK"
"CDA9556C-A03C-B45A-FF3D-4F67C05A0500",40.4167,-86.87529,"geoservice_sample","city=LAFAYETTE"
"CDD52DF9-F274-5FD1-FFBD-AA2997361400",50.2715,1.67163,"geoservice_sample","city=RUE"
"CED3EC80-AF91-97D1-FFEB-88135D86D600",48.25216,17.21539,"geoservice_sample","city=SVATY JUR"
"D052700D-49B7-E5AF-FFC4-9FFA2198F000",42.88645,-78.87837,"geoservice_sample","city=BUFFALO"
"D15D740F-B970-6189-FF75-EF98AF5F4D00",54.87528,69.16278,"geoservice_sample","city=PETROPAVLOVSK"
"D1952DCB-7DDE-967B-FF30-E493D9F2AE00",39.29038,-76.61219,"geoservice_sample","city=BALTIMORE"
"D1C3B004-1ABC-7619-FFFD-5F03EBC11500",52.48142,-1.89983,"geoservice_sample","city=BIRMINGHAM"
"D2681D98-1310-F5B4-FFA4-E0E02E608D00",43.84864,18.35644,"geoservice_sample","city=SARAJEVO"
"D31EA7F9-0440-5246-FF4D-1CCF87901F00",37.46556,-81.52056,"geoservice_sample","city=FALLS MILLS"
"D3E2A04B-0265-17A3-FF05-601DF2203800",41.01384,28.94966,"geoservice_sample","city=ISTANBUL"
"D3F9D7A6-1B64-3E97-FF0F-98C375601D00",40.18111,44.51361,"geoservice_sample","city=YEREVAN"
"D6488E1E-940D-5404-FFC1-0160680D4200",51.20794,-2.64896,"geoservice_sample","city=WELLS"
"D733C8EB-88D8-C7BA-FF6E-3C6C9EC8D100",42.51954,-70.89672,"geoservice_sample","city=SALEM"
"D7F946AF-A128-FC55-FFC0-CF5972AFC600",58.01741,56.28552,"geoservice_sample","city=PERM'"
"D88943E4-2F6A-74C3-FF1B-3B801A160200",42.27756,-83.74088,"geoservice_sample","city=ANN ARBOR"
"D88C92F3-BF94-0520-FF6E-44414585CA00",21.30694,-157.85833,"geoservice_sample","city=HONOLULU"
"D8B95C96-5836-9BFD-FF8C-241B1650DB00",37.56826,126.97783,"geoservice_sample","city=SEOUL"
"D938B0DE-4191-A9FF-FFFC-57AE3AE4A600",47.49956,1.17701,"geoservice_sample","city=ONZAIN"
"D96B2FF6-8459-4B0A-FF8D-371A376E4300",30.92071,120.09795,"geoservice_sample","city=BAIQUE"
"D980F1E5-9F3E-CEAD-FF12-CB2691E98000",53.28346,-110.00157,"geoservice_sample","city=LLOYDMINSTER"
"D982226B-B35A-3283-FFFB-4A2F25456D00",48.85584,20.93712,"geoservice_sample","city=GELNICA"
"DA2914CB-C0BC-3309-FFFA-0154CBCF3900",51.05089,13.73832,"geoservice_sample","city=DRESDEN"
"DAE260FA-34BB-235A-FF4D-317F3B65A200",60.62443,26.1972,"geoservice_sample","city=LAPINJARVI"
"DB240B38-854E-8F35-FF81-D13126095500",29.95465,-90.07507,"geoservice_sample","city=NEW ORLEANS"
"DB37FC39-8FC1-C170-FFC3-6484DFEADE00",10.6,76.05,"geoservice_sample","city=GURUVAYUR"
"DBA0EE0E-A614-AAB1-FF1A-583CB27AF200",23.03333,72.61667,"geoservice_sample","city=AHMEDABAD"
"DD260F84-2C28-D2A1-FF06-0BB26DAD1100",38.73174,-82.99767,"geoservice_sample","city=PORTSMOUTH"
"DE48D1ED-7559-5D9C-FF9F-B175576EFD00",43.54793,-5.99381,"geoservice_sample","city=CASTRILLON"
"DE8EC5FB-95AA-2EDC-FF2C-EF307EACCB00",53.45446,56.04149,"geoservice_sample","city=ISHIMBAY"
"E03EAD50-55F0-03E2-FF57-EB986043EF00",52.9536,-1.15047,"geoservice_sample","city=NOTTINGHAM"
"E0AA2EF1-9235-8847-FF41-0AA7A4C5B100",42.44732,-71.2245,"geoservice_sample","city=LEXINGTON"
"E1D57954-D0C7-4062-FF99-F2077B183B00",37.21533,-93.29824,"geoservice_sample","city=SPRINGFIELD"
"E2083B23-FB2E-8110-FFA3-54D4990C0F00",44.54373,7.54013,"geoservice_sample","city=VILLAFALLETTO"
"E3C887A6-FBD4-710A-FF02-BA3C90E82400",33.56667,130.5,"geoservice_sample","city=UMI"
"E504D018-28B1-0891-FF1C-5109C3E9DA00",13.08784,80.27847,"geoservice_sample","city=CHENNAI"
"E57D9D52-1BBD-753D-FFBC-5C806EEB1400",10.06444,-72.545,"geoservice_sample","city=MACHIQUES"
"E60044B9-C4C3-77CD-FF97-F2DC48704200",25.77427,-80.19366,"geoservice_sample","city=MIAMI"
"E607EBEA-9076-076E-FF2D-3CF905602000",45.07049,7.68682,"geoservice_sample","city=TORINO"
"E7168657-059D-5929-FFED-515E96CF6A00",45.28338,-74.23254,"geoservice_sample","city=LES COTEAUX"
"E7FFADD2-2F2C-841F-FF57-426CE24AC100",42.31722,140.98806,"geoservice_sample","city=MURORAN"
"E812A603-31E9-4388-FF6A-A4AD64A45000",36.6334,-93.41685,"geoservice_sample","city=KIMBERLING CITY"
"EA0C700D-BF87-D780-FF17-14164D2E3900",54.7818,32.0401,"geoservice_sample","city=SMOLENSK"
"EA5D7793-CAAF-9019-FF17-FC45E6C05200",25.25817,55.30472,"geoservice_sample","city=DUBAI"
"EA75B2F4-0073-353F-FF13-A549E54A6D00",39.73915,-104.9847,"geoservice_sample","city=DENVER"
"EADFBBA3-351E-0136-FF95-2FE1D7AB3500",50.73333,7.1,"geoservice_sample","city=BONN"
"EBED6941-B965-E906-FF73-9DDAE0ACEC00",56.99719,40.97139,"geoservice_sample","city=IVANOVO"
"ED32D17F-96A5-840B-FFC2-632CEC459000",40.03118,-81.58846,"geoservice_sample","city=CAMBRIDGE"
"ED9D43CF-076D-6DBB-FFAD-77AC207BB900",35.14953,-90.04898,"geoservice_sample","city=MEMPHIS"
"EE95D3EC-8272-E101-FF00-47105A921A00",41.13839,-81.86375,"geoservice_sample","city=MEDINA"
"EEC6E50F-B7A2-FDF5-FFFD-2C31980C8000",51.50853,-0.12574,"geoservice_sample","city=LONDON"
"EF1EA467-16C2-FA44-FFE9-40CEB59D1A00",42.38333,-8.7,"geoservice_sample","city=MARIN"
"F12D724C-6480-C0A3-FFCF-CDC6DA9F5900",10.15892,-66.88575,"geoservice_sample","city=CUA"
"F1ADB05A-FECE-73D3-FFE2-4315C8177800",52.76667,55.78333,"geoservice_sample","city=KUMERTAU"
"F1B012FF-C3E6-524A-FFB8-01693463E600",56.00972,92.79167,"geoservice_sample","city=KRASNOYARSK"
"F1E22596-D43D-66D1-FFA9-DA7A8866EC00",52.1058,-101.26759,"geoservice_sample","city=SWAN RIVER"
"F1ED80E2-337E-40C5-FF26-2F2A660BB100",22.28552,114.15769,"geoservice_sample","city=HONG KONG"
"F2260413-EFAF-E6D6-FF9D-3CE70329BA00",35.7721,-78.63861,"geoservice_sample","city=RALEIGH"
"F2C04E03-DF7C-BBB5-FF0E-C5F15019AE00",43.76667,11.25,"geoservice_sample","city=FLORENCE"
"F32F72A6-789E-030C-FF19-0E5110CD3800",59.89444,30.26417,"geoservice_sample","city=ST. PETERSBURG"
"F37422F4-C8D9-9DED-FF37-44BD6CF1EF00",33.89845,-88.99923,"geoservice_sample","city=HOUSTON"
"F3E5DC32-577E-704C-FFD5-9B990EEE8800",45.50884,-73.58781,"geoservice_sample","city=MONTREAL"
"F3E701F8-C3C7-693C-FFF6-84E2B8A8B600",38.67227,-90.16983,"geoservice_sample","city=VENICE"
"F45087C8-CCD6-40B0-FF3A-02030CA43800",48.74455,22.18136,"geoservice_sample","city=SOBRANCE"
"F5A2B4D3-6E64-72FF-FF2D-7E8FB9DF7200",42.86896,-76.97774,"geoservice_sample","city=GENEVA"
"F68645BB-5C22-3703-FF55-0DC5E30F0C00",55.15444,61.42972,"geoservice_sample","city=CHELYABINSK"
"F83948ED-1E0C-8F98-FFF8-CEE889381F00",50.28333,7.26667,"geoservice_sample","city=GERING"
"F8BB78A7-301A-D355-FFDA-75C68A304F00",47.8943,6.74171,"geoservice_sample","city=RAMONCHAMP"
"F963AB73-1B85-9B1D-FF24-B4A2EC02A700",55.75222,37.61556,"geoservice_sample","city=MOSCOW"
"FA211C8A-9588-9E36-FF4F-2E7EC02B3100",45.45582,5.50497,"geoservice_sample","city=LE PIN"
"FA6E77BB-3204-B1F6-FFE6-BCCC5D764500",39.9075,116.39723,"geoservice_sample","city=BEIJING"
"FAAF4BC1-62F8-FD2C-FF12-422EB10B5200",40.37767,49.89201,"geoservice_sample","city=BAKU"
"FC60B5CA-2B08-ED11-FFCE-FB201DB37B00",46.60727,-0.23237,"geoservice_sample","city=POMPAIRE"
"FE27136A-6654-14FE-FF09-E2DD99F2CC00",52.37403,4.88969,"geoservice_sample","city=AMSTERDAM"
"FF4152CA-7A9E-E766-FFDE-7E1C045D6D00",48.13743,11.57549,"geoservice_sample","city=MUENCHEN"
"FF87547D-0A10-F8B0-FFF9-19EE06D1DA00",35.43333,133.25,"geoservice_sample","city=YASUGI"
